Symbol,7 Day Average Funding Rate (Annualized %),Current Funding Rate (Annualized %)
BTC/USDC:USDC,9.7455,4.691377424832198
BTC/USD:USD,14.594785714285715,4.751104713760182
BTC/USDT:USDT,13.859571428571426,20.69102144855888
ETH/USDC:USDC,12.556000000000001,8.347570827066479
ETH/USD:USD,14.271499999999998,17.002383753295668
DOGE/USDC:USDC,5.839999999999999,11.556931755049854
XRP/USD:USD,31.598571428571425,33.203158150637705
SOL/USDC:USDC,4.359142857142857,-4.058610572034934
SUI/USD:USD,24.574928571428575,33.29690763449492
XRP/USDC:USDC,14.84507142857143,13.718227356958712
SOL/USD:USD,29.100928571428575,26.6283907791916
BNB/USDC:USDC,0.9020714285714286,-1.6622819780548816
DOGE/USD:USD,31.098,34.2687826788805
SUI/USDC:USDC,4.046285714285714,-0.03287350581054034
ADA/USD:USD,30.268928571428578,34.020041718765185
ENA/USDC:USDC,2.6436428571428574,8.621267188947154
LINK/USD:USD,32.203428571428574,33.0467066677353
LINK/USDC:USDC,10.126142857142858,8.927124886693447
UNI/USD:USD,10.699714285714286,11.66277685748016
ADA/USDC:USDC,8.348071428571428,9.450179717957084
ETH/USDT:USDT,14.886785714285713,18.241178884663217
OPEN/USDT:USDT,-675.9799999999999,-99.01724544207791
TAKE/USDT:USDT,68.18629411764707,6.855812546846178
ARIA/USDT:USDT,-96.75935294117647,8.940772937340839
SOMI/USDT:USDT,-147.59531707317072,10.318963436986293
PTB/USDT:USDT,-465.18918181818185,102.62231760370877
Q/USDT:USDT,30.109829268292682,124.40549095059284
LINEA/USDT:USDT,25.059857142857144,54.09318727763455
HEMI/USDT:USDT,15.86707142857143,11.66244347055037
MITO/USDT:USDT,-77.26007142857142,7.870929686809658
BTR/USDT:USDT,21.04485714285714,6.87500206928395
BAS/USDT:USDT,103.30021428571428,276.503806703889
WLFI/USDT:USDT,21.55064285714286,54.76078848567354
XPL/USDT:USDT,22.984571428571428,15.071212136679355
YZY/USDT:USDT,-33.04814285714286,14.705096662039137
CUDIS/USDT:USDT,1.4808571428571426,109.87976710975673
SAPIEN/USDT:USDT,49.739071428571435,53.603823855041696
DAM/USDT:USDT,28.136285714285712,50.68310930259723
XNY/USDT:USDT,27.531428571428574,82.75261539248085
AIO/USDT:USDT,46.88685714285715,-74.86044644237975
SKY/USDT:USDT,-22.484,9.790943140480993
K/USDT:USDT,11.257642857142857,9.683345903367682
CARV/USDT:USDT,32.46935714285714,15.960229957680774
YALA/USDT:USDT,14.526999999999997,54.96317039584273
IN/USDT:USDT,-64.44335714285714,21.773642961534946
PROVE/USDT:USDT,-1.6268571428571428,23.75792558048619
TOWNS/USDT:USDT,8.754785714285713,11.419179080827247
NAORIS/USDT:USDT,15.642857142857144,7.729666244150037
PLAY/USDT:USDT,165.25114285714284,264.036781928739
A2Z/USDT:USDT,11.002142857142855,16.726514416348323
ESPORTS/USDT:USDT,-11.987642857142859,55.526585365486014
ZRC/USDT:USDT,10.37642857142857,14.40502342766233
TREE/USDT:USDT,-50.43257142857143,15.09986349757587
TAG/USDT:USDT,32.130428571428574,57.77323496676389
ZORA/USDT:USDT,34.80014285714286,52.26983003453929
ASP/USDT:USDT,10.532857142857143,5.341214486544235
CVX/USDT:USDT,10.345142857142857,14.592638963814647
TA/USDT:USDT,46.30807142857143,58.95474818165819
ERA/USDT:USDT,10.454642857142856,16.335155381196103
ES/USDT:USDT,-19.939428571428568,7.806296027701605
TAC/USDT:USDT,46.22464285714286,51.2894376728075
VELVET/USDT:USDT,13.134785714285712,153.92363773910807
C/USDT:USDT,20.455642857142863,53.23534009747093
PUMP/USDT:USDT,54.969,55.391857401214395
USELESS/USDT:USDT,55.438285714285705,66.83315660410591
AIN/USDT:USDT,10.736214285714288,63.557967610362155
CROSS/USDT:USDT,11.737357142857142,8.042693472068121
M/USDT:USDT,-2597.39256,337.30411857595925
IDOL/USDT:USDT,15.090142857142858,12.327954123377726
BULLA/USDT:USDT,22.473571428571425,28.33744135286685
ICNT/USDT:USDT,12.039785714285713,4.642118087465454
SAHARA/USDT:USDT,11.784285714285714,9.702200557639491
H/USDT:USDT,11.064714285714288,7.19313456057846
NEWT/USDT:USDT,-175.1374285714286,11.34340693638189
F/USDT:USDT,-7.237428571428572,17.51892914171728
MYX/USDT:USDT,215.8026,-2545.625762141992
SPK/USDT:USDT,-109.07764285714285,-1.7035179683607182
SQD/USDT:USDT,11.153357142857141,7.074462664966168
RESOLV/USDT:USDT,10.209571428571431,8.236343162842907
HOME/USDT:USDT,11.247214285714286,16.09991236842417
SKATE/USDT:USDT,23.5425,180.83450137114679
LA/USDT:USDT,10.381642857142857,7.495795367886073
BTCDOM/USDT:USDT,29.700571428571426,18.357596542076166
ETHBTC/USDT:USDT,-3.066,-0.2419225095033145
1000000BOB/USDT:USDT,233.9702142857143,225.4958293408272
BDXN/USDT:USDT,41.06250000000001,17.633164187782988
MERL/USDT:USDT,-111.10600000000002,-1.842485921931172
SOPH/USDT:USDT,11.695642857142857,11.510236702466994
A/USDT:USDT,10.491142857142856,13.783874989574107
HUMA/USDT:USDT,16.758714285714284,58.73003093736857
HOUSE/USDT:USDT,16.93078571428571,15.097435573456991
SOON/USDT:USDT,7.5815714285714275,6.168211334497889
B/USDT:USDT,11.528785714285714,63.11220690108353
AWE/USDT:USDT,9.938428571428572,8.51896830470152
AGT/USDT:USDT,49.90592857142857,80.70753805126083
ZKJ/USDT:USDT,11.539214285714287,7.065211716004736
OG/USDT:USDT,10.585,8.864624101704067
DOOD/USDT:USDT,14.813785714285713,25.525913338847367
SXT/USDT:USDT,1.2462142857142855,6.790867581178539
OBOL/USDT:USDT,11.825999999999999,10.393278589274017
SYRUP/USDT:USDT,49.608714285714285,54.82853207363405
MILK/USDT:USDT,71.99885714285715,143.2447897087779
B2/USDT:USDT,30.858142857142855,115.15605723468751
ALPINE/USDT:USDT,27.703500000000002,14.98690495871437
ASR/USDT:USDT,1.3035714285714286,5.5971997676482514
HAEDAL/USDT:USDT,-7.049714285714284,4.925144686710445
AIOT/USDT:USDT,-351.30728571428574,-858.0960300707785
CTK/USDT:USDT,-6.0172857142857135,12.337365350968174
PUNDIX/USDT:USDT,2.1535000000000006,11.552397353441936
SIGN/USDT:USDT,17.514785714285715,5.631780050573405
FIS/USDT:USDT,10.605857142857142,6.7318697500486095
INIT/USDT:USDT,12.410000000000002,52.109474409097075
XAUT/USDT:USDT,18.58892857142857,-32.69631171204887
HYPER/USDT:USDT,32.89692857142857,9.029560819073698
BANK/USDT:USDT,12.597714285714288,64.65783990295206
EPT/USDT:USDT,17.613857142857142,92.26262711018181
AERGO/USDT:USDT,7.696285714285714,13.06183970604291
WCT/USDT:USDT,7.977857142857142,11.240972375633214
KERNEL/USDT:USDT,-36.865,6.336370448604731
FHE/USDT:USDT,10.564142857142858,17.107243955764147
STO/USDT:USDT,10.819642857142858,13.247117403938693
PROMPT/USDT:USDT,18.823571428571427,-3.08809789152883
BABY/USDT:USDT,8.07692857142857,15.508811464930163
FORTH/USDT:USDT,11.315000000000001,15.72174745283913
GUN/USDT:USDT,11.40885714285714,13.598812812693362
FUN/USDT:USDT,9.771571428571429,14.900426921032182
MLN/USDT:USDT,10.235642857142855,8.73780242377191
WAL/USDT:USDT,-43.38807142857142,11.272271468567254
PARTI/USDT:USDT,-22.682142857142857,-34.173726168616746
NIL/USDT:USDT,10.725785714285713,8.550191102542188
BANANAS31/USDT:USDT,9.948857142857143,8.245449102839673
SIREN/USDT:USDT,18.5055,13.065178705407119
BROCCOLIF3B/USDT:USDT,62.065642857142855,165.05275558792235
BROCCOLI714/USDT:USDT,10.626714285714286,8.165221630183584
BID/USDT:USDT,28.324000000000005,196.05604110233082
TUT/USDT:USDT,11.533999999999999,11.671150054263322
FORM/USDT:USDT,22.207642857142858,16.487111609592386
MUBARAK/USDT:USDT,11.236785714285713,10.405748224359868
MAVIA/USDT:USDT,10.37642857142857,14.183887353063906
BMT/USDT:USDT,10.553714285714287,13.618236710830352
EPIC/USDT:USDT,54.098214285714285,53.61756077359967
VIC/USDT:USDT,10.209571428571431,9.900600239464714
RED/USDT:USDT,-231.75017999999997,-179.29095760570334
KAITO/USDT:USDT,11.450571428571427,57.17413023147442
GPS/USDT:USDT,10.251285714285713,6.993723777186818
SHELL/USDT:USDT,9.192785714285714,6.650950369848719
B3/USDT:USDT,29.153071428571426,16.59691566360538
IP/USDT:USDT,-14.834642857142857,4.90354601017877
LAYER/USDT:USDT,10.59542857142857,14.665204056250102
TST/USDT:USDT,9.901928571428572,17.384885376088672
BERA/USDT:USDT,11.195071428571428,13.312141231721059
JELLYJELLY/USDT:USDT,-6.048571428571429,86.40839380969257
VVV/USDT:USDT,11.768642857142856,54.360271280676976
PLUME/USDT:USDT,54.040857142857135,54.36635005098519
VINE/USDT:USDT,22.405785714285713,5.764503980231565
ANIME/USDT:USDT,10.715357142857144,6.097578056577977
VTHO/USDT:USDT,54.656142857142854,54.51560867921521
MELANIA/USDT:USDT,16.51364285714286,36.20618524148757
TRUMP/USDT:USDT,53.76449999999999,54.21894663527668
PIPPIN/USDT:USDT,61.04885714285715,185.79248507606238
SOLV/USDT:USDT,13.750071428571431,24.37895843595718
S/USDT:USDT,51.67357142857143,57.8610881365603
FLOCK/USDT:USDT,12.80712,38.7637690044905
AVAAI/USDT:USDT,12.357857142857146,9.965100541898602
SONIC/USDT:USDT,14.918071428571428,52.771606470224306
ALCH/USDT:USDT,16.299857142857142,41.52490223831982
COOKIE/USDT:USDT,46.0995,52.85729961844834
SWARMS/USDT:USDT,34.70107142857143,152.76175360129565
ARC/USDT:USDT,23.182714285714283,107.5274032205951
BIO/USDT:USDT,-130.75864285714286,-104.84827700431359
AI16Z/USDT:USDT,52.64342857142857,57.143581695412195
DF/USDT:USDT,11.033428571428571,11.859200038251
PHA/USDT:USDT,53.38385714285714,51.91870889414668
ZEREBRO/USDT:USDT,44.587357142857144,184.39758253089795
GRIFFAIN/USDT:USDT,27.4845,161.08420626544228
DEXE/USDT:USDT,11.450571428571427,4.859291273840833
AIXBT/USDT:USDT,54.26507142857142,51.852778414434056
KMNO/USDT:USDT,10.741428571428573,5.808526485988809
CGPT/USDT:USDT,10.746642857142856,16.12910026299634
FARTCOIN/USDT:USDT,63.7602857142857,81.13902614655369
HYPE/USDT:USDT,33.10028571428572,31.292615894561205
USUAL/USDT:USDT,21.634071428571428,51.64338399157617
PENGU/USDT:USDT,51.81435714285713,56.86067881268718
VANA/USDT:USDT,7.002785714285714,13.758884886487484
VELODROME/USDT:USDT,10.240857142857143,4.494943936869241
DEGO/USDT:USDT,11.132500000000002,6.592160378594636
AVA/USDT:USDT,8.285499999999999,16.227372516391252
ME/USDT:USDT,6.955857142857141,-59.90868782431053
MOVE/USDT:USDT,44.48307142857143,55.54280929220824
ACX/USDT:USDT,11.002142857142855,6.492694548821035
VIRTUAL/USDT:USDT,48.89957142857143,53.85697763032973
AIOZ/USDT:USDT,32.365071428571426,30.882751134516145
THE/USDT:USDT,11.116857142857143,11.408934798672533
OL/USDT:USDT,11.033428571428571,17.2711705371792
MORPHO/USDT:USDT,53.64457142857143,53.58935418625006
1000CHEEMS/USDT:USDT,10.04792857142857,16.315976038384264
1000WHY/USDT:USDT,58.6555,20.188206568506587
CHILLGUY/USDT:USDT,54.087785714285715,53.80137321865032
BAN/USDT:USDT,31.077142857142853,5.2101212407863935
TAI/USDT:USDT,24.376785714285713,34.78137862119422
HIPPO/USDT:USDT,30.73821428571429,29.34048596307483
FWOG/USDT:USDT,12.133642857142856,13.73653131126263
ACT/USDT:USDT,-22.150285714285715,-33.378021771724676
PNUT/USDT:USDT,53.947,56.32865635357997
SWELL/USDT:USDT,2.184785714285714,6.164129260028965
COW/USDT:USDT,13.093071428571426,6.622410317236753
KAIA/USDT:USDT,10.042714285714286,12.634942659766876
SPX/USDT:USDT,54.7135,51.9831617521121
GRASS/USDT:USDT,49.55657142857143,56.91444480821155
SANTOS/USDT:USDT,2.716642857142857,12.78365300342271
LUMIA/USDT:USDT,10.804,7.309044625218952
GOAT/USDT:USDT,46.45928571428571,56.31984321902078
SCR/USDT:USDT,7.732785714285714,7.90719779525019
DEEP/USDT:USDT,19.67871428571429,32.12524468606259
PUFFER/USDT:USDT,7.560714285714284,4.5714161555575075
DIA/USDT:USDT,5.683571428571429,15.367771194481982
NEIRO/USDT:USDT,33.945,53.34198081508564
MOODENG/USDT:USDT,53.86878571428571,56.70833642739477
EIGEN/USDT:USDT,52.09071428571429,54.56848074818106
PRIME/USDT:USDT,33.141999999999996,33.887406919893195
REI/USDT:USDT,10.475500000000002,16.452858643669323
HMSTR/USDT:USDT,11.226357142857143,4.513603789147964
FIO/USDT:USDT,10.366,8.386416023667548
CATI/USDT:USDT,9.693357142857144,15.123088215104532
FIDA/USDT:USDT,8.290714285714284,12.154488662529381
ALEO/USDT:USDT,11.069928571428571,8.264078828404358
KDA/USDT:USDT,10.053142857142857,8.373078659616018
CAT/USDT:USDT,45.15571428571429,50.189255253778
RPL/USDT:USDT,10.590214285714286,17.32767061566371
POL/USDT:USDT,51.84042857142857,56.139267396547666
FLUX/USDT:USDT,20.42957142857143,54.54722074604382
CHESS/USDT:USDT,10.955214285714284,5.620792453667799
ORDER/USDT:USDT,12.144071428571428,31.35164109212432
DOGS/USDT:USDT,8.494071428571427,11.500372377298794
SUN/USDT:USDT,9.521285714285714,12.680005188792231
VOXEL/USDT:USDT,11.179428571428572,5.827590595554372
SYS/USDT:USDT,10.412928571428573,8.90232954122136
SYN/USDT:USDT,11.236785714285713,10.042512807449501
NEIROETH/USDT:USDT,27.552285714285713,32.18556801701716
RENDER/USDT:USDT,54.630071428571426,54.68858354037972
G/USDT:USDT,10.178285714285714,4.507283237469404
UXLINK/USDT:USDT,9.917571428571428,16.742332909253346
BANANA/USDT:USDT,11.612214285714284,13.928751486992155
AERO/USDT:USDT,53.84792857142857,52.08413828764928
MOCA/USDT:USDT,-4.953571428571428,8.40286845656199
BLAST/USDT:USDT,-25.71685714285714,-15.963277849473503
AKT/USDT:USDT,84.15335714285715,155.58990620802388
PONKE/USDT:USDT,55.151500000000006,54.42616973897796
ZRO/USDT:USDT,11.44014285714286,12.761846332987714
LISTA/USDT:USDT,10.694499999999998,12.801924471387984
ZK/USDT:USDT,12.206642857142855,2.785058603760113
ATH/USDT:USDT,10.475500000000002,9.525556756944543
1000000BABYDOGE/USDT:USDT,9.057214285714286,9.069787862587695
IO/USDT:USDT,7.837071428571429,14.896294036248003
DOG/USDT:USDT,79.73685714285715,172.94364819815158
TAIKO/USDT:USDT,10.52242857142857,10.14107846092023
OSMO/USDT:USDT,10.569357142857143,8.980367159341629
SPEC/USDT:USDT,10.564142857142858,13.38054571506876
1000000MOG/USDT:USDT,54.92207142857144,53.58181042886058
DRIFT/USDT:USDT,35.53535714285715,51.53354639938821
MASA/USDT:USDT,12.556000000000001,48.9793571546675
NOT/USDT:USDT,54.025214285714284,55.972334680445115
BB/USDT:USDT,-21.18042857142857,-14.600532124711401
REZ/USDT:USDT,0.2711428571428576,9.121457763411405
SAFE/USDT:USDT,11.450571428571427,12.234911029192858
BRETT/USDT:USDT,52.544357142857145,56.80039582920051
ORCA/USDT:USDT,13.989928571428573,16.823805770952447
ZBCN/USDT:USDT,31.6455,31.652470849981455
OMNI/USDT:USDT,-56.91914285714286,-51.86778048996323
PRCL/USDT:USDT,11.476642857142856,11.082365282158333
MEW/USDT:USDT,6.257142857142855,4.5836972858666964
SAGA/USDT:USDT,10.2565,12.919309022807893
TNSR/USDT:USDT,11.758214285714285,4.876376906635964
W/USDT:USDT,50.68285714285714,57.62399457437165
ENA/USDT:USDT,48.24257142857143,47.2620366209332
DEGEN/USDT:USDT,10.303428571428572,16.15523643024762
POPCAT/USDT:USDT,51.62664285714285,68.65895044772783
RAY/USDT:USDT,33.173285714285704,35.01044266407178
ETHFI/USDT:USDT,16.362428571428573,29.18773554974695
SLERF/USDT:USDT,22.6665,14.889825352126461
BOME/USDT:USDT,13.244285714285715,16.393948025461384
VANRY/USDT:USDT,55.000285714285724,52.55363519969284
AEVO/USDT:USDT,11.643500000000003,15.59046661127519
PORTAL/USDT:USDT,10.501571428571431,12.32989467382511
AGI/USDT:USDT,8.061285714285715,12.236351957341238
GLM/USDT:USDT,3.4675000000000002,17.138169816025915
STRK/USDT:USDT,10.652785714285715,16.020112851977082
PIXEL/USDT:USDT,10.04792857142857,16.134227127478756
OM/USDT:USDT,27.567928571428567,54.03039470906382
DYM/USDT:USDT,6.288428571428571,8.172447507418662
ZETA/USDT:USDT,10.892642857142858,6.004559631743145
JUP/USDT:USDT,54.47364285714285,55.123317925831536
TAO/USDT:USDT,53.50378571428571,58.897914726921265
PROM/USDT:USDT,11.356714285714284,11.732433150232453
ALT/USDT:USDT,9.865428571428573,13.073968530025665
MBOX/USDT:USDT,10.788357142857143,12.52785322060943
MYRO/USDT:USDT,28.136285714285712,40.462720916258654
ONDO/USDT:USDT,52.3045,54.711795433019105
MANTA/USDT:USDT,10.637142857142857,13.109185131157696
WIF/USDT:USDT,53.49335714285714,55.41103682884015
XAI/USDT:USDT,10.266928571428572,12.95385601309047
AI/USDT:USDT,12.018928571428573,4.545039476233746
LSK/USDT:USDT,6.987142857142858,10.214007146040997
METIS/USDT:USDT,8.817357142857142,12.720112463108993
NFP/USDT:USDT,11.815571428571428,15.688564935352067
ACE/USDT:USDT,10.459857142857143,4.77462988042293
MYRIA/USDT:USDT,32.63621428571429,30.85211160503188
TURBO/USDT:USDT,44.488285714285716,59.25324216979845
JTO/USDT:USDT,53.920928571428576,55.97189632866926
AXL/USDT:USDT,55.06807142857143,57.76739691347811
AUCTION/USDT:USDT,11.414071428571429,16.81602964524932
RARE/USDT:USDT,10.2565,14.837293694246787
UMA/USDT:USDT,4.447785714285715,15.127041112077865
USTC/USDT:USDT,10.496357142857143,11.489322223678293
SUPER/USDT:USDT,39.08107142857143,55.03471452365275
MOVR/USDT:USDT,10.532857142857143,14.145348437020347
1000RATS/USDT:USDT,41.17721428571428,87.9998129213942
BSW/USDT:USDT,19.709999999999997,16.904771760172807
CKB/USDT:USDT,5.980785714285714,13.123099897205181
CETUS/USDT:USDT,49.405357142857156,55.69261869442605
ETHW/USDT:USDT,8.306357142857141,7.805435915714039
GODS/USDT:USDT,7.27392857142857,16.006225089429133
CVC/USDT:USDT,8.911214285714287,8.148032001951318
CORE/USDT:USDT,8.228142857142858,13.943431093105154
PYTH/USDT:USDT,41.656928571428566,49.98713450045078
10000SATS/USDT:USDT,8.25942857142857,11.414888910194469
MNT/USDT:USDT,19.605714285714285,28.33694319537136
KAS/USDT:USDT,53.74364285714286,56.4642298605341
1000BONK/USDT:USDT,49.95285714285714,57.755145003219475
BEAM/USDT:USDT,54.75,51.21519066087136
CRO/USDT:USDT,26.420785714285717,33.9351972621726
RVN/USDT:USDT,6.158071428571429,8.102828615900265
ILV/USDT:USDT,43.580999999999996,54.21393079104979
SKL/USDT:USDT,-188.8875,-135.4461160637299
STEEM/USDT:USDT,9.552571428571428,7.077521534870211
BAND/USDT:USDT,10.631928571428572,10.184769566363089
POWR/USDT:USDT,8.744357142857142,14.020446513085124
XTZ/USDT:USDT,13.20257142857143,34.33416942872692
BICO/USDT:USDT,10.720571428571429,7.712544030961747
CAKE/USDT:USDT,5.542785714285714,7.023756388126869
POLYX/USDT:USDT,11.148142857142858,11.325909436039558
TRU/USDT:USDT,33.1785,31.458854118043593
TWT/USDT:USDT,11.382785714285715,12.989501881850618
TOKEN/USDT:USDT,25.544785714285712,11.998372288111886
MEME/USDT:USDT,9.693357142857144,12.503819123537308
TIA/USDT:USDT,37.20914285714285,15.698623246277513
SLP/USDT:USDT,10.313857142857144,13.64949526501358
TON/USDT:USDT,52.471357142857144,58.32549693644662
GAS/USDT:USDT,2.4559285714285712,-29.812909754516564
WAXP/USDT:USDT,10.871785714285712,7.419935885021718
DENT/USDT:USDT,13.067,30.58088594724889
XVG/USDT:USDT,10.877,10.46566959434637
1000FLOKI/USDT:USDT,30.22721428571429,31.80457148426538
RLC/USDT:USDT,-17.31142857142857,12.235264414868894
HFT/USDT:USDT,-3.1390000000000007,7.999927467595769
LRC/USDT:USDT,-1.3922142857142863,6.6706671415157235
DUSK/USDT:USDT,10.725785714285713,13.996361938371734
ICX/USDT:USDT,10.892642857142858,13.128171343618403
IOTA/USDT:USDT,32.72485714285715,31.014027324824106
CHR/USDT:USDT,9.927999999999999,8.479700838396377
OXT/USDT:USDT,11.330642857142857,10.02582367890819
ONE/USDT:USDT,9.135428571428571,10.980311128899386
CELR/USDT:USDT,10.298214285714288,13.176238396786916
ZEC/USDT:USDT,13.828285714285713,31.52776519750036
BAT/USDT:USDT,10.736214285714288,8.881408646613917
ROSE/USDT:USDT,30.195928571428578,33.879874467990916
RSR/USDT:USDT,32.32335714285714,34.44354694580067
PHB/USDT:USDT,10.55892857142857,13.744359354743137
JASMY/USDT:USDT,31.81757142857143,31.881819917172074
MAV/USDT:USDT,-3.363214285714286,7.523303098769342
HOT/USDT:USDT,11.58092857142857,9.511023646444333
NMR/USDT:USDT,-167.86350000000004,96.90434689364835
SFP/USDT:USDT,10.830071428571427,13.467304760122808
ALPHA/USDT:USDT,25.659499999999998,9.252512752809993
ONT/USDT:USDT,5.475,6.584574594460459
DODOX/USDT:USDT,10.678857142857144,6.960470104793666
BEL/USDT:USDT,11.080357142857144,12.97063152627658
ALICE/USDT:USDT,10.8405,8.684764696248157
RDNT/USDT:USDT,11.127285714285714,12.371984815972821
HOOK/USDT:USDT,11.299357142857144,7.868052467017966
JOE/USDT:USDT,11.142928571428573,10.306474046040426
C98/USDT:USDT,11.685214285714284,7.743568243768046
AR/USDT:USDT,32.266,30.984397959743642
SPELL/USDT:USDT,11.017785714285713,8.072388106850676
MTL/USDT:USDT,10.793571428571429,13.202164195882055
T/USDT:USDT,10.57457142857143,8.18056480186002
LUNA2/USDT:USDT,14.412285714285714,9.436859290102351
VET/USDT:USDT,32.3025,30.33312566752251
ARKM/USDT:USDT,9.599499999999999,-2.1942629316645035
XMR/USDT:USDT,40.37421428571429,52.48431808221772
HBAR/USDT:USDT,29.75792857142857,30.794928452514398
IOTX/USDT:USDT,10.600642857142859,12.501297678919235
HIFI/USDT:USDT,62.368071428571426,265.2536033758995
BAKE/USDT:USDT,12.467357142857143,12.184429132130523
API3/USDT:USDT,-70.90907142857142,81.36185071863949
RUNE/USDT:USDT,31.697642857142856,32.581630009054095
LQTY/USDT:USDT,32.64142857142857,31.207733845412385
BNT/USDT:USDT,9.443071428571429,7.923001015244112
ARK/USDT:USDT,8.024785714285715,15.772762196549413
QNT/USDT:USDT,29.11657142857143,29.358417040651247
BIGTIME/USDT:USDT,7.769285714285713,4.991665431954931
FLM/USDT:USDT,9.787214285714285,9.338257212684914
PERP/USDT:USDT,10.788357142857143,8.444755138252761
LPT/USDT:USDT,-51.95514285714287,-34.86859234148012
GTC/USDT:USDT,8.629642857142859,8.68193577051134
CYBER/USDT:USDT,3.1129285714285713,14.559941341984642
SEI/USDT:USDT,31.317,31.37058181790941
MINA/USDT:USDT,10.8405,11.560783183996826
PEOPLE/USDT:USDT,9.875857142857145,11.696650611787586
ATA/USDT:USDT,9.849785714285716,11.62853725020069
CTSI/USDT:USDT,-16.821285714285715,-19.815658445655053
HNT/USDT:USDT,43.9095,30.903944115798986
OGN/USDT:USDT,-40.97385714285714,10.817289828199952
YGG/USDT:USDT,11.492285714285714,11.619676991247447
ARPA/USDT:USDT,9.641214285714286,13.529965368069755
ID/USDT:USDT,6.345785714285715,11.920581909149108
BSV/USDT:USDT,9.625571428571428,8.81155473054004
ZEN/USDT:USDT,10.7675,8.249986938427753
LUNC/USDT:USDT,-2.1535000000000006,8.46211992467915
PENDLE/USDT:USDT,32.14085714285715,31.33488527083307
AGLD/USDT:USDT,9.750714285714288,9.51928340092025
SHIB/USDT:USDT,31.092785714285714,33.17169268245928
MAGIC/USDT:USDT,-19.339785714285714,17.247607944123967
STG/USDT:USDT,7.670214285714286,9.031112487118305
WOO/USDT:USDT,8.175999999999998,10.535725406452727
ZRX/USDT:USDT,9.140642857142858,11.536779528800949
ICP/USDT:USDT,31.66114285714286,32.586571943879875
ANKR/USDT:USDT,10.856142857142856,8.708295665491143
STORJ/USDT:USDT,10.657999999999998,8.039398240388634
FLOW/USDT:USDT,21.77485714285714,34.34126900446975
GRT/USDT:USDT,29.945642857142857,31.64871059528238
IMX/USDT:USDT,49.28021428571428,52.246779520170186
GMX/USDT:USDT,10.631928571428572,10.724432680313944
TRB/USDT:USDT,53.85835714285714,51.93888883709899
ASTR/USDT:USDT,10.59542857142857,11.839804695044789
HIGH/USDT:USDT,11.361928571428571,10.568113463070123
KAVA/USDT:USDT,32.55278571428571,32.24214418390587
1INCH/USDT:USDT,15.230928571428572,7.78469695906204
COTI/USDT:USDT,32.829142857142855,32.59939499716184
FXS/USDT:USDT,32.7405,34.221638873328494
FET/USDT:USDT,32.0105,33.93450611206723
CELO/USDT:USDT,10.480714285714285,9.220952602355673
XLM/USDT:USDT,27.48971428571429,30.61870124819283
INJ/USDT:USDT,32.93342857142857,35.07533554534345
CFX/USDT:USDT,9.0885,11.078282805642253
BLUR/USDT:USDT,8.671357142857143,14.060427484591267
LINK/USDT:USDT,32.292071428571425,33.75404704725358
ADA/USDT:USDT,31.791499999999996,31.67180282734414
DOGE/USDT:USDT,31.755,32.772752525034264
ETC/USDT:USDT,32.88128571428572,34.15454824247634
LTC/USDT:USDT,30.180285714285716,34.78856620803931
BNB/USDT:USDT,22.525714285714287,34.10371309998841
AVAX/USDT:USDT,31.11885714285714,32.144843942508494
DOT/USDT:USDT,31.796714285714287,33.48932374972776
WLD/USDT:USDT,29.637999999999998,34.26421413092526
STX/USDT:USDT,10.293000000000001,11.469304228100462
COMP/USDT:USDT,32.62057142857143,33.06546202205869
ORDI/USDT:USDT,9.192785714285714,11.866755937070591
EDU/USDT:USDT,11.320214285714286,7.998738491863748
PEPE/USDT:USDT,32.06785714285715,33.71564047575501
ACH/USDT:USDT,54.91685714285715,54.55077211871207
OP/USDT:USDT,32.03135714285714,32.11554827047793
LDO/USDT:USDT,31.15535714285714,32.911213166730974
APE/USDT:USDT,29.47114285714286,33.054183743593555
SAND/USDT:USDT,29.053999999999995,25.356707121110862
ARB/USDT:USDT,31.963571428571424,32.359362919881455
MANA/USDT:USDT,9.15107142857143,11.92987593557885
SXP/USDT:USDT,10.100071428571429,11.322304369686806
NEAR/USDT:USDT,30.373214285714283,33.31534136943593
SNX/USDT:USDT,7.758857142857142,10.504806669734341
SUI/USDT:USDT,31.395214285714285,33.232753738279506
FIL/USDT:USDT,30.952,31.263268408340668
XRP/USDT:USDT,29.794428571428572,34.683137338161764
SSV/USDT:USDT,10.188714285714285,14.063888332736349
AXS/USDT:USDT,32.125214285714286,33.945927711298694
SOL/USDT:USDT,27.979857142857146,33.29991413350284
GMT/USDT:USDT,10.115714285714287,9.642811286963147
GALA/USDT:USDT,31.08235714285715,30.750204671598418
BCH/USDT:USDT,27.31764285714286,31.834665995410905
ZIL/USDT:USDT,10.230428571428572,11.50944350819363
UNI/USDT:USDT,31.869714285714284,35.118844523042654
TRX/USDT:USDT,8.196857142857143,4.9500895301474985
WAVES/USDT:USDT,13.927357142857144,30.304051370814612
DYDX/USDT:USDT,19.084285714285716,34.275675282646354
AAVE/USDT:USDT,29.278214285714288,33.14468310338281
THETA/USDT:USDT,32.35464285714286,31.725627776812555
ATOM/USDT:USDT,11.669571428571428,31.99192438496417
SUSHI/USDT:USDT,33.063785714285714,30.909167217080384
CRV/USDT:USDT,32.672714285714285,33.55370913644658
ALGO/USDT:USDT,33.34535714285714,31.00615325670768
EGLD/USDT:USDT,12.952285714285717,32.4778977438582
APT/USDT:USDT,32.25557142857143,31.211749801300883
CHZ/USDT:USDT,7.018428571428571,10.82795597324205
DASH/USDT:USDT,8.660928571428572,10.639287976730271
MASK/USDT:USDT,13.661428571428571,12.915411934028462
KSM/USDT:USDT,9.020714285714284,11.203919990932361
QTUM/USDT:USDT,17.853714285714283,57.535001555262475
NEO/USDT:USDT,11.101214285714283,10.366368367708212
YFI/USDT:USDT,32.198214285714286,31.15460711767655
ENJ/USDT:USDT,11.080357142857144,8.098988981270075
ENS/USDT:USDT,30.34192857142857,12.492731083977942
IOST/USDT:USDT,1.199285714285714,2.8885909736500395
